ddec-code,VF,Metal_density(g/cm^3),density_g_cm3,PLD,LCD,vsa_m2_cm3,gsa_m2_g,PoreVolum_cm3_g,Qst_CO,Qst_N2,Delta_Qst,CO_des,N2_des,CO_40bar,N2_40bar,CO_200K,N2_200K,CO_PTSA,N2_PTSA,S_PSA,S_TSA,S_TSA+,Delta_PSA,Delta_TSA-,Delta_TSA+,Regenerability_PSA,Regenerability_TSA-,Regenerability_TSA+,Recovery_PSA,Recovery_TSA-,Recovery_TSA+,Purity_PSA,Purity_TSA-,Purity_TSA+,Cyclic_working_cap_PSA,Cyclic_working_cap_TSA-,Cyclic_work_cap_TSA+,URL
ACUFEK,0.8,0.099918096,0.56,9.01,15.56,2175.45,3888.68,1.44,13.04,10.39,2.65,0.3,0.15,5.64,2.86,3.09,1.06,15.56,5.47,1.97,2.91,1.95,5.34,2.79,0.23,94.7,90.32,75.77,0.62,0.95,0.34,0.606057769,0.951722085,0.522952152,7.840369068,6.463905896,0.133104505,https://www.ccdc.cam.ac.uk/structures/Search?Ccdcid=ACUFEK
ADASAB,0.9,0.07753793,0.31,13.49,27.51,1550.89,4928.79,2.86,9.08,7.11,1.97,0.19,0.1,5.5,2.92,1.54,0.59,20.46,8.28,1.88,2.6,1.84,5.31,1.35,0.13,96.54,87.62,68.71,0.56,0.73,0.24,0.567130264,0.732266356,0.525470554,8.774962447,8.394039831,0.076015876,https://www.ccdc.cam.ac.uk/structures/Search?Ccdcid=ADASAB
ADASEF,0.87,0.125920463,0.44,10.93,21.62,1824.72,4188.91,2.01,13.39,10.12,3.27,0.35,0.15,6.44,2.81,3.52,0.95,19.42,6.12,2.29,3.72,2.33,6.1,3.18,0.26,94.62,90.17,75.62,0.63,0.98,0.33,0.616159391,0.96930295,0.529530864,9.128989759,6.14217914,0.141800778,https://www.ccdc.cam.ac.uk/structures/Search?Ccdcid=ADASEF
ADASIJ,0.81,0.141944367,0.63,6.61,18.25,2095.63,3330.37,1.28,14.09,11.32,2.77,0.43,0.19,6.41,2.69,4.96,1.36,15.04,4.1,2.38,3.66,2.27,5.98,4.53,0.33,93.34,91.39,77.08,0.54,0.18,0.28,0.552244966,0.195189225,0.453371134,5.468224993,0.428537239,0.1106853,https://www.ccdc.cam.ac.uk/structures/Search?Ccdcid=ADASIJ
ADATIK,0.89,0.099415987,0.38,12.17,24.54,1716.73,4546.75,2.34,11.83,8.99,2.83,0.28,0.13,5.85,2.7,2.93,0.83,18.87,6.87,2.17,3.52,2.12,5.57,2.64,0.21,95.14,90.28,74.87,0.49,0.96,0.32,0.516579156,0.954922026,0.525811103,6.339369507,6.200877443,0.122644026,https://www.ccdc.cam.ac.uk/structures/Search?Ccdcid=ADATIK
ADOGEH,0.7,0.277369051,1.01,5.06,12.7,1579.5,1562.14,0.69,22.35,19.1,3.25,0.7,0.27,5.77,1.85,6.69,1.43,10.87,1.65,3.12,4.67,2.62,5.08,6,0.56,87.94,89.6,80.16,0.67,0.79,0.51,0.691259866,0.827870651,0.648155868,6.117133854,5.997791067,0.368007242,https://www.ccdc.cam.ac.uk/structures/Search?Ccdcid=ADOGEH
AGAXOV,0.71,0.241204305,0.89,5.31,7.05,2447.34,2759.1,0.8,15.11,12.77,2.34,0.56,0.23,6.24,2.03,6.81,1.58,12.91,1.99,3.07,4.31,2.46,5.69,6.26,0.44,91.11,91.85,79.27,0.57,0.93,0.47,0.596429894,0.952418195,0.602493542,5.890480979,5.353956653,0.325890355,https://www.ccdc.cam.ac.uk/structures/Search?Ccdcid=AGAXOV
AGAXUB,0.82,0.146194106,0.54,8.95,10.03,2151.61,4002.13,1.53,11.13,9.13,2,0.22,0.12,5.28,2.46,2.11,0.74,17.56,5.21,2.15,2.87,1.94,5.05,1.89,0.16,95.78,89.45,72.5,0.63,0.86,0.39,0.616275007,0.887585424,0.547006041,7.511753339,4.021981396,0.128681829,https://www.ccdc.cam.ac.uk/structures/Search?Ccdcid=AGAXUB
AGAYAI,0.73,0.123148271,0.64,7.74,9.94,2101.96,3269.32,1.13,12.45,10.16,2.29,0.24,0.12,4.91,2.4,2.75,0.93,12.93,4.15,2.04,2.95,1.94,4.67,2.5,0.18,95.08,91.21,74.76,0.6,0.89,0.43,0.586681446,0.7175478,0.559497441,6.458027749,4.03405633,0.151954423,https://www.ccdc.cam.ac.uk/structures/Search?Ccdcid=AGAYAI
AGAYEM,0.71,0.26303565,0.97,5.02,11.47,1764.84,1824.53,0.74,20.92,17.9,3.02,0.7,0.26,5.76,1.8,6.32,1.28,10.62,1.54,3.2,4.93,2.72,5.06,5.61,0.57,87.81,88.88,81.05,0.48,0.29,0.37,0.507806386,0.435081081,0.533507941,1.181338659,0.177221977,0.101004718,https://www.ccdc.cam.ac.uk/structures/Search?Ccdcid=AGAYEM
AGAYOW,0.64,0.235309946,1.13,5.59,7.56,2087.96,1845.43,0.57,17.63,14.51,3.12,0.56,0.19,4.01,1.24,4.43,0.89,7.84,1.33,3.23,4.99,2.96,3.45,3.87,0.46,85.93,87.26,81.36,0.67,0.77,0.57,0.689605219,0.809263713,0.670265761,4.359987671,4.039030814,0.406444348,https://www.ccdc.cam.ac.uk/structures/Search?Ccdcid=AGAYOW
AHORAR,0.56,0.109551464,0.83,5.52,7.94,1687.5,2039.4,0.67,15.65,13.88,1.77,0.42,0.21,4.09,1.86,4.12,1.45,9.11,2.6,2.2,2.83,1.97,3.66,3.7,0.34,89.67,89.75,79.49,0.55,0.68,0.47,0.569468064,0.721761702,0.598617721,4.303916755,3.696594741,0.262438794,https://www.ccdc.cam.ac.uk/structures/Search?Ccdcid=AHORAR
ANOMOG,0.76,0.126504059,0.78,5.5,12.8,1870.01,2383.52,0.97,17.91,14.85,3.07,0.52,0.24,5.71,2.59,5.11,1.63,12.18,3.47,2.21,3.14,2.19,5.2,4.6,0.42,90.97,89.9,81.41,0.5,0.61,0.5,0.518453879,0.535077745,0.633210411,5.445788167,5.659500623,0.315413123,https://www.ccdc.cam.ac.uk/structures/Search?Ccdcid=ANOMOG
ANOMUM,0.67,0.147682159,0.83,5,7.29,2356.65,2826.65,0.8,16.97,14.02,2.94,0.7,0.28,5.83,2.33,6.27,1.76,11.4,2.73,2.5,3.57,2.46,5.14,5.58,0.56,88.05,88.9,80.96,0.63,0.74,0.52,0.658184656,0.736274702,0.627116455,6.187775223,5.758140504,0.454614641,https://www.ccdc.cam.ac.uk/structures/Search?Ccdcid=ANOMUM
ANUGEW,0.85,0.092981127,0.44,10.21,14.44,2024.35,4564.79,1.92,10.36,8.66,1.7,0.21,0.13,5.58,2.98,2.04,0.84,18.45,6.83,1.87,2.43,1.7,5.36,1.83,0.15,96.15,89.5,71.42,0.47,0.18,0.26,0.477005754,0.21074206,0.442996911,5.212875209,0.234284662,0.064187752,https://www.ccdc.cam.ac.uk/structures/Search?Ccdcid=ANUGEW
ANUGIA,0.83,0.119218048,0.57,6.77,13.86,2130.91,3751.76,1.46,12.22,10.11,2.11,0.3,0.16,6.28,3.03,3.46,1.21,17.18,5.34,2.07,2.86,1.88,5.98,3.16,0.23,95.17,91.23,74.24,0.59,0.63,0.42,0.597938276,0.663443459,0.568257496,7.795813798,3.709906655,0.18718396,https://www.ccdc.cam.ac.uk/structures/Search?Ccdcid=ANUGIA
APUPEH,0.9,0.046022891,0.26,14.64,24.79,1475.77,5602.37,3.41,8.06,6.5,1.55,0.13,0.08,3.84,2.24,1.03,0.48,14.75,7.01,1.72,2.16,1.59,3.71,0.9,0.09,96.54,87.18,69.09,0.52,0.48,0.34,0.531729098,0.54009209,0.520642601,7.446136346,1.084175342,0.112507321,https://www.ccdc.cam.ac.uk/structures/Search?Ccdcid=APUPEH
BAZFUF,0.89,0.06107488,0.34,8.58,20.24,1851.78,5445.57,2.6,8.75,7.35,1.39,0.18,0.11,5.15,3.06,1.3,0.62,20.71,9.25,1.68,2.1,1.66,4.97,1.12,0.12,96.57,86.36,68.63,0.54,0.53,0.36,0.544789243,0.584718192,0.534809007,7.862812573,1.342276429,0.12401908,https://www.ccdc.cam.ac.uk/structures/Search?Ccdcid=BAZFUF
BAZFUF01,0.89,0.061435783,0.34,8.56,20.15,1857.04,5428.94,2.59,8.78,7.38,1.4,0.17,0.11,5.16,3.08,1.32,0.62,20.66,9.23,1.68,2.13,1.59,4.99,1.15,0.12,96.67,87.01,68.04,0.54,0.55,0.36,0.552964695,0.616968446,0.535352197,8.031657546,1.35029651,0.125764603,https://www.ccdc.cam.ac.uk/structures/Search?Ccdcid=BAZFUF01
BAZGAM,0.95,0.0158896,0.13,24.25,42.8,830.85,6566.67,7.55,6.1,5.08,1.02,0.15,0.1,4.5,2.97,0.89,0.48,18.87,10.4,1.51,1.85,1.44,4.36,0.75,0.1,96.77,83.76,66.58,0.51,0.42,0.28,0.520243895,0.519033238,0.511799457,13.81985226,0.853535085,0.138408316,https://www.ccdc.cam.ac.uk/structures/Search?Ccdcid=BAZGAM
BIJGUY,0.74,0.050564951,0.49,9.63,11.44,2293.92,4722.68,1.52,15.52,12.56,2.96,0.37,0.19,5.22,2.94,3.88,1.54,13.27,6.18,1.78,2.52,1.95,4.85,3.51,0.29,92.98,90.55,80.46,0.59,0.66,0.48,0.575667881,0.683355304,0.609732875,7.373913576,4.016130739,0.234611946,https://www.ccdc.cam.ac.uk/structures/Search?Ccdcid=BIJGUY
BIPBAF,0.78,0.201955659,0.76,6.42,10.29,2210.69,2890.37,1.02,14.84,12.15,2.69,0.5,0.21,6.76,2.55,6.07,1.57,14.76,2.89,2.65,3.85,2.35,6.26,5.57,0.39,92.64,91.8,78.65,0.63,0.69,0.52,0.627178933,0.730884861,0.632135904,7.584329716,5.274350791,0.349586441,https://www.ccdc.cam.ac.uk/structures/Search?Ccdcid=BIPBAF
BIPKOC,0.66,0.217656831,0.93,5.17,9.95,1943.27,2096.19,0.71,18.38,15.59,2.79,0.63,0.24,4.86,1.72,5.13,1.2,9.63,1.84,2.82,4.27,2.63,4.23,4.5,0.51,87.05,87.73,81.37,0.44,0.8,0.34,0.46828027,0.826491924,0.487113409,3.02278976,3.469047641,0.172699997,https://www.ccdc.cam.ac.uk/structures/Search?Ccdcid=BIPKOC
BODPAN,0.76,0.279902788,0.89,6.66,13.15,1887.6,2125.49,0.85,18.84,15.66,3.18,0.76,0.25,6.98,1.97,7.13,1.31,13.99,1.74,3.54,5.44,3.04,6.21,6.37,0.62,89.06,89.29,81.8,0.68,0.87,0.41,0.634566829,0.897290949,0.57983938,7.269650282,6.18368671,0.308598534,https://www.ccdc.cam.ac.uk/structures/Search?Ccdcid=BODPAN
CAJQEL,0.79,0.162946675,0.71,8.23,13.95,1845.83,2615.74,1.12,18.08,15.21,2.87,0.56,0.24,6.55,2.61,5.4,1.33,14.71,3.49,2.51,4.06,2.38,5.99,4.84,0.45,91.42,89.6,80.87,0.6,0.9,0.38,0.608542565,0.8907432,0.574127323,6.838042312,6.572314515,0.21388605,https://www.ccdc.cam.ac.uk/structures/Search?Ccdcid=CAJQEL
CAJQIP,0.8,0.091374547,0.55,7.61,13.26,2032.46,3726.47,1.47,16.11,12.91,3.2,0.45,0.2,5.65,2.6,4.36,1.14,14.84,5.32,2.18,3.81,2.3,5.2,3.91,0.36,92.02,89.66,79.45,0.59,0.68,0.5,0.562250368,0.650862626,0.612273827,6.921508336,3.647749735,0.305368052,https://www.ccdc.cam.ac.uk/structures/Search?Ccdcid=CAJQIP
CEJCAW,0.36,0.257827075,1.18,4.82,5.51,1049.1,886.4,0.3,18.4,15.71,2.69,0.34,0.14,2.69,0.95,3.44,0.81,5.1,0.96,2.83,4.24,2.46,2.35,3.1,0.29,87.22,90.01,83.82,0.68,0.83,0.56,0.598006872,0.84197888,0.635875698,3.234723934,3.113274058,0.25024394,https://www.ccdc.cam.ac.uk/structures/Search?Ccdcid=CEJCAW
CEYMEA,0.2,0.271743554,1.5,4.07,5.27,402.14,268.85,0.13,26.51,23.11,3.4,1.06,0.28,1.88,0.42,2.41,0.32,2.38,0.15,4.49,7.53,3.85,0.81,1.34,0.84,43.34,55.77,79.04,0.45,0.59,0.65,0.55997818,0.72292652,0.72234739,0.999655498,0.751715436,0.725631236,https://www.ccdc.cam.ac.uk/structures/Search?Ccdcid=CEYMEA
CIRTUU,0.83,0.114758218,0.58,7.15,15.6,2307.73,3953.22,1.42,14.8,12.15,2.65,0.45,0.22,6.54,3.02,4.79,1.51,15.68,4.82,2.17,3.17,2.03,6.1,4.34,0.35,93.19,90.69,77.89,0.23,0.03,0.18,0.223504245,0.032399614,0.278794435,1.954491849,0.072810138,0.039499765,https://www.ccdc.cam.ac.uk/structures/Search?Ccdcid=CIRTUU
CITXUZ,0.59,0.276345924,1.06,4.67,6.39,984.97,933.34,0.55,20.57,17.36,3.21,1.05,0.33,5.07,1.23,6.62,1.04,8.3,0.75,4.1,6.35,3.2,4.01,5.57,0.88,79.2,84.09,83.37,0.58,0.65,0.57,0.606482112,0.719549285,0.65661689,3.015916355,3.740951395,0.674185455,https://www.ccdc.cam.ac.uk/structures/Search?Ccdcid=CITXUZ
CUYWUP,0.56,0.162016851,0.94,4.57,7.46,1599,1695.9,0.59,20.18,16.94,3.25,0.85,0.34,4.91,1.89,6.13,1.68,8.49,1.86,2.59,3.66,2.5,4.06,5.28,0.72,82.7,86.15,84.61,0.59,0.66,0.54,0.597828934,0.673125133,0.631784272,4.233061042,4.283143723,0.575067316,https://www.ccdc.cam.ac.uk/structures/Search?Ccdcid=CUYWUP
DAJBOH,0.52,0.127896655,0.93,4.93,6.52,1513.84,1635.35,0.56,16.9,14.62,2.28,0.43,0.21,3.87,1.76,4.72,1.52,7.63,1.93,2.2,3.1,2.03,3.44,4.29,0.35,88.89,90.89,82.37,0.61,0.83,0.42,0.65424005,0.592632002,0.557312889,4.20179086,4.574125009,0.224342317,https://www.ccdc.cam.ac.uk/structures/Search?Ccdcid=DAJBOH
DAKVUI,0.73,0.202008513,0.83,6.61,10.79,1804.86,2186.4,0.88,18.4,15.77,2.63,0.64,0.27,6.44,2.22,6.33,1.49,13.61,2.39,2.91,4.24,2.41,5.8,5.69,0.52,90.06,89.87,81.12,0.81,0.78,0.47,0.814658116,0.755442467,0.642118365,8.04650315,6.289351546,0.334190454,https://www.ccdc.cam.ac.uk/structures/Search?Ccdcid=DAKVUI
DAWMUL,0.91,0.039535733,0.27,14.33,28.67,1531.99,5754.69,3.42,8.1,6.8,1.3,0.17,0.11,5.15,3.21,1.21,0.61,20.25,9.89,1.61,1.99,1.52,4.99,1.04,0.11,96.72,86.01,66.91,0.55,0.53,0.34,0.554634842,0.597810185,0.53120499,9.651472017,1.188493975,0.124517317,https://www.ccdc.cam.ac.uk/structures/Search?Ccdcid=DAWMUL
DIHVIB,0.75,0.278325525,0.88,6.9,13.27,1789.76,2026.74,0.85,18.27,15.11,3.15,0.69,0.24,7,2,7.1,1.29,14.1,1.79,3.49,5.5,2.95,6.3,6.41,0.57,90.07,90.22,81.66,0.73,0.91,0.4,0.72072713,0.684590263,0.582494915,7.988950676,6.513310988,0.274329188,https://www.ccdc.cam.ac.uk/structures/Search?Ccdcid=DIHVIB
DIHVIB01,0.77,0.277903755,0.88,6.65,13.18,1883.06,2135.63,0.87,17.98,14.86,3.12,0.72,0.24,6.8,1.97,6.91,1.31,13.79,1.76,3.45,5.29,2.97,6.08,6.19,0.59,89.45,89.62,81.77,0.55,0.18,0.3,0.564052761,0.194431194,0.462665385,3.791313857,0.597635883,0.146597913,https://www.ccdc.cam.ac.uk/structures/Search?Ccdcid=DIHVIB01
DIKFAF,0.55,0.31253785,1.12,5.11,6.83,1313.74,1173.32,0.49,20.35,17.64,2.71,1.02,0.32,4.87,1.13,6.43,0.96,7.96,0.68,4.3,6.72,3.21,3.85,5.41,0.86,79.01,84.1,84.09,0.65,0.84,0.62,0.550796243,0.793754693,0.680739454,4.489768355,4.82780008,0.756044297,https://www.ccdc.cam.ac.uk/structures/Search?Ccdcid=DIKFAF
DILKAL,0.55,0.315895229,1.13,5.11,6.84,1302.84,1151.21,0.49,20.55,17.83,2.72,1.09,0.33,4.86,1.09,6.36,0.91,8.06,0.53,4.45,6.98,3.3,3.77,5.27,0.92,77.62,82.89,84.18,0.34,0.57,0.38,0.367868553,0.68777652,0.499527718,1.886678104,2.724441783,0.323343213,https://www.ccdc.cam.ac.uk/structures/Search?Ccdcid=DILKAL
DOPHOH,0.64,0.253867734,0.99,5.65,12.14,1340.28,1360.13,0.65,15.72,12.84,2.88,0.43,0.17,4.81,1.58,5,1.12,10.57,1.51,3.05,4.48,2.57,4.38,4.57,0.35,91,91.35,79.98,0.4,0.99,0.33,0.43451397,0.976341865,0.509149901,2.302985533,1.929152934,0.140296953,https://www.ccdc.cam.ac.uk/structures/Search?Ccdcid=DOPHOH
DOPHUN,0.64,0.253644991,0.98,5.62,12.15,1333.79,1354.73,0.65,15.71,12.83,2.88,0.43,0.17,4.82,1.58,4.99,1.12,10.48,1.59,3.05,4.46,2.59,4.39,4.56,0.35,90.98,91.29,80.19,0.58,0.71,0.38,0.601654525,0.587582251,0.547076593,4.080954879,2.855916435,0.175876118,https://www.ccdc.cam.ac.uk/structures/Search?Ccdcid=DOPHUN
DORNAB,0.74,0.186027548,0.82,6.54,8.53,2236.03,2714.57,0.9,16.65,14.37,2.29,0.72,0.31,6.76,2.54,7.55,2.04,12.86,2.54,2.66,3.7,2.31,6.05,6.84,0.58,89.41,90.52,81.26,0.69,0.99,0.37,0.633774821,0.984688228,0.534113376,8.127854487,4.497960682,0.301767489,https://www.ccdc.cam.ac.uk/structures/Search?Ccdcid=DORNAB
DOTSOV,0.76,0.278964557,0.89,6.69,13.29,1851.44,2091.78,0.86,18.7,15.5,3.2,0.73,0.25,6.9,1.99,6.96,1.31,13.97,1.76,3.47,5.3,2.92,6.17,6.24,0.59,89.47,89.57,81.33,0.45,0.99,0.43,0.463907556,0.981696827,0.517899872,3.150186853,4.144657304,0.167396307,https://www.ccdc.cam.ac.uk/structures/Search?Ccdcid=DOTSOV
EFAYEQ,0.82,0.066902114,0.44,8.51,11.58,2246.49,5118.92,1.86,9.55,8.19,1.35,0.17,0.11,4.79,2.84,1.35,0.66,17.16,7.32,1.68,2.06,1.61,4.61,1.18,0.12,96.35,87.08,70.05,0.56,0.57,0.37,0.564989364,0.616585066,0.537912521,7.193039621,1.45116101,0.115319867,https://www.ccdc.cam.ac.uk/structures/Search?Ccdcid=EFAYEQ
EQEVEC,0.42,0.144046305,1.04,4.57,7.04,1140.54,1098.77,0.41,17.47,15.14,2.33,0.35,0.17,2.75,1.17,3.43,1.02,5.77,1.26,2.35,3.36,2.06,2.4,3.08,0.29,87.26,89.76,82.2,0.4,0.59,0.52,0.404654761,0.416886554,0.600956395,2.089309131,1.783932521,0.264554455,https://www.ccdc.cam.ac.uk/structures/Search?Ccdcid=EQEVEC
EZUBOR,0.28,0.156948363,1.12,4.18,4.84,413.42,370.39,0.25,22.11,18.86,3.25,0.53,0.16,2.14,0.54,2.96,0.5,5.24,0.89,3.94,5.95,3.38,1.61,2.44,0.45,75.36,82.2,86.04,0.61,0.71,0.67,0.57778183,0.763724477,0.710523957,1.730402356,1.662664974,0.445893759,https://www.ccdc.cam.ac.uk/structures/Search?Ccdcid=EZUBOR
FAVBUB,0.38,0.170100401,1.16,4.34,6.12,966.7,832.4,0.33,20.3,17.75,2.55,0.61,0.26,2.89,1.1,3.92,0.98,5.64,1.05,2.63,4.02,2.36,2.28,3.31,0.52,78.93,84.45,85.16,0.56,0.76,0.61,0.61154871,0.815315683,0.665669066,2.566386936,2.902105328,0.493962383,https://www.ccdc.cam.ac.uk/structures/Search?Ccdcid=FAVBUB
FECXES,0.73,0.203863838,0.83,6.59,10.74,1792.68,2151.88,0.87,18.58,16,2.58,0.67,0.27,6.46,2.23,6.46,1.51,13.63,2.24,2.89,4.27,2.45,5.79,5.8,0.55,89.66,89.67,81.88,0.54,0.79,0.53,0.622801653,0.663767765,0.629699092,5.083406042,6.614492897,0.403422175,https://www.ccdc.cam.ac.uk/structures/Search?Ccdcid=FECXES
FIBKEI,0.78,0.165547562,0.71,6.99,12.34,2111.64,2981.49,1.1,16.16,13.2,2.96,0.53,0.23,6.32,2.48,5.41,1.44,13.99,3.41,2.54,3.76,2.32,5.79,4.88,0.42,91.63,90.23,79.65,0.43,0.55,0.37,0.440253413,0.580274568,0.465177764,3.789373803,2.526452973,0.143958751,https://www.ccdc.cam.ac.uk/structures/Search?Ccdcid=FIBKEI
FOPFAS,0.85,0.097540849,0.5,7.99,21.01,2006.13,3987.36,1.68,14.02,11.04,2.98,0.39,0.18,6.4,3.04,4.1,1.19,17.27,5.95,2.11,3.43,2.1,6.02,3.71,0.3,93.97,90.57,76.9,0.6,0.67,0.46,0.57524985,0.680632646,0.589580224,8.246586907,3.677605207,0.255809095,https://www.ccdc.cam.ac.uk/structures/Search?Ccdcid=FOPFAS
GAMXAV,0.67,0.201221708,0.87,4.31,12.86,1617.87,1862.06,0.77,17.26,14.57,2.7,0.6,0.23,5.19,1.8,5.5,1.25,10.66,1.89,2.89,4.41,2.57,4.59,4.9,0.48,88.49,89.15,81.04,0.56,0.74,0.54,0.539061094,0.692684327,0.630755391,5.009754545,4.878812123,0.401122296,https://www.ccdc.cam.ac.uk/structures/Search?Ccdcid=GAMXAV
GEGDED,0.73,0.205284665,0.84,6.57,10.73,1821.75,2171.64,0.87,18.78,16.09,2.69,0.68,0.27,6.44,2.2,6.49,1.54,13.33,2.37,2.92,4.22,2.56,5.75,5.81,0.56,89.38,89.47,81.82,0.46,0.25,0.4,0.529006823,0.316373675,0.544814103,2.104255243,0.485244144,0.285676642,https://www.ccdc.cam.ac.uk/structures/Search?Ccdcid=GEGDED
GIXGEA,0.42,0.152614148,1.04,3.91,6.92,973.7,934.5,0.41,17.1,14.99,2.11,0.29,0.14,2.99,1.27,3.82,1.17,6.21,1.42,2.36,3.27,2.09,2.7,3.53,0.24,90.43,92.5,82.66,0.67,0.63,0.58,0.681448141,0.666869629,0.688263245,3.526591581,2.712219311,0.203637369,https://www.ccdc.cam.ac.uk/structures/Search?Ccdcid=GIXGEA
GUJREK,0.36,0.2569042,1.24,6.1,6.7,834.56,675.08,0.29,19.43,15.73,3.7,0.35,0.12,2.35,0.75,3.13,0.65,5.28,0.89,3.14,4.81,2.9,2,2.78,0.29,85.2,88.9,84.45,0.65,0.79,0.59,0.548586033,0.719564119,0.661318771,2.651014398,2.635650576,0.249655514,https://www.ccdc.cam.ac.uk/structures/Search?Ccdcid=GUJREK
HAJMIQ,0.76,0.275212626,0.87,6.66,13.26,1907.99,2185.07,0.87,18.52,15.36,3.16,0.75,0.25,6.96,2.02,6.91,1.31,14.03,1.91,3.44,5.26,2.99,6.21,6.16,0.62,89.22,89.13,82.04,0.61,0.72,0.52,0.631814409,0.763751889,0.646953501,6.501625477,5.576656807,0.424652458,https://www.ccdc.cam.ac.uk/structures/Search?Ccdcid=HAJMIQ
HALHEJ,0.77,0.110615753,0.65,8.63,10.03,2066.28,3184.34,1.19,13.73,11.36,2.38,0.31,0.16,5.34,2.69,3.62,1.23,13.33,4.61,1.99,2.95,1.9,5.02,3.31,0.24,94.14,91.38,77.27,0.49,0.62,0.42,0.508332609,0.664724161,0.554484107,4.908521344,3.032227625,0.185602794,https://www.ccdc.cam.ac.uk/structures/Search?Ccdcid=HALHEJ
HANWAW,0.71,0.174324589,0.84,4.96,11.33,1825.03,2171.38,0.84,16.99,14.33,2.66,0.59,0.25,5.93,2.18,6.38,1.62,11.92,2.36,2.72,3.95,2.34,5.34,5.79,0.48,90.02,90.72,81.45,0.7,0.78,0.5,0.698623995,0.697228883,0.615511183,7.199919506,5.99747931,0.370847154,https://www.ccdc.cam.ac.uk/structures/Search?Ccdcid=HANWAW
HEDCIE,0.48,0.182165937,1.03,6.26,6.94,1510.35,1468.42,0.47,17.49,14.92,2.57,0.4,0.18,3.21,1.32,3.62,1.07,5.95,1.52,2.42,3.38,2.27,2.81,3.22,0.33,87.52,88.94,82.37,0.84,0.91,0.61,0.813730341,0.951201519,0.789003486,4.168803644,3.746116891,0.268767947,https://www.ccdc.cam.ac.uk/structures/Search?Ccdcid=HEDCIE
HOGLEV,0.76,0.207212128,0.76,9.05,14.02,1937.89,2543.4,1,17.75,14.2,3.55,0.69,0.24,6.93,2.26,6.83,1.35,14.13,2.54,3.07,5.05,2.91,6.23,6.14,0.57,89.98,89.85,82.05,0.63,0.76,0.57,0.647524556,0.792835651,0.662534013,7.145091674,5.716813028,0.503848017,https://www.ccdc.cam.ac.uk/structures/Search?Ccdcid=HOGLEV
HULCOI,0.83,0.11753011,0.57,7.36,19.49,2073.08,3619.02,1.46,14.09,11.1,2.99,0.38,0.18,6.23,2.84,4.11,1.2,15.99,5.03,2.19,3.42,2.11,5.85,3.73,0.3,93.85,90.68,77.24,0.6,0.73,0.46,0.662354897,0.806932164,0.602889401,6.346130594,3.950320328,0.245360902,https://www.ccdc.cam.ac.uk/structures/Search?Ccdcid=HULCOI
IBIXOI,0.53,0.224382771,1.03,5.1,6.12,1643.86,1595.98,0.51,20.05,16.58,3.47,0.55,0.2,4.44,1.51,5.17,1.22,7.96,1.57,2.94,4.24,2.7,3.89,4.62,0.46,87.7,89.44,84.9,0.57,0.72,0.55,0.603250585,0.759670865,0.651134596,3.249563962,4.185427263,0.369696098,https://www.ccdc.cam.ac.uk/structures/Search?Ccdcid=IBIXOI
IBOQOH,0.5,0.101877145,0.96,6.51,8.23,1339.38,1392.34,0.52,18.6,15.3,3.3,0.33,0.17,2.82,1.53,2.71,1.13,5.57,2.15,1.84,2.41,1.95,2.48,2.38,0.27,88.18,87.73,81.92,0.52,0.66,0.49,0.546357333,0.767224338,0.598450198,1.829777058,2.021563568,0.218745504,https://www.ccdc.cam.ac.uk/structures/Search?Ccdcid=IBOQOH
ICAREL,0.81,0.094863216,0.53,9.17,16.22,2117.57,4009.18,1.54,12.26,10.12,2.14,0.28,0.15,5.61,2.97,2.85,1.07,15.93,5.9,1.89,2.66,1.78,5.33,2.58,0.2,95.09,90.36,73.94,0.62,0.59,0.45,0.627620756,0.631890937,0.587714676,7.556482752,2.656895742,0.172053238,https://www.ccdc.cam.ac.uk/structures/Search?Ccdcid=ICAREL
IXAKAU,0.67,0.162783827,0.78,5.93,6.32,2294.9,2939.75,0.86,14.45,12.65,1.8,0.4,0.21,5.11,2.26,4.7,1.61,11.02,2.69,2.26,2.92,1.92,4.71,4.3,0.31,92.18,91.5,78.59,0.55,0.7,0.48,0.562868074,0.732554849,0.569285516,5.08279962,4.382732365,0.241430551,https://www.ccdc.cam.ac.uk/structures/Search?Ccdcid=IXAKAU
JUTCIM,0.72,0.096440654,0.73,14.89,15.74,1751.06,2385.18,0.98,17.03,14.86,2.18,0.46,0.23,4.67,2.08,4.5,1.4,10.63,3.27,2.24,3.22,1.99,4.21,4.04,0.37,90.14,89.79,81.35,0.48,0.65,0.49,0.49415785,0.629848356,0.593168328,4.283642608,3.778888187,0.322628808,https://www.ccdc.cam.ac.uk/structures/Search?Ccdcid=JUTCIM
KANMIX,0.58,0.301071629,1.08,3.94,9.77,1277.53,1179.31,0.54,21.64,17.32,4.33,0.79,0.23,4.77,1.32,5.9,1.03,9.38,1.11,3.6,5.74,3.38,3.98,5.11,0.66,83.39,86.58,83.32,0.58,0.74,0.55,0.61210409,0.776622172,0.661835201,4.13241683,4.288313679,0.481234629,https://www.ccdc.cam.ac.uk/structures/Search?Ccdcid=KANMIX
KEDPUG,0.32,0.099755247,1.05,5.22,5.93,876.73,837.13,0.3,17.83,15.29,2.55,0.36,0.14,2.55,0.85,3.37,0.77,4.41,0.77,3,4.41,2.53,2.19,3.02,0.3,86,89.42,83.01,0.63,0.77,0.54,0.64945235,0.728094996,0.635605823,2.797062325,2.64477651,0.23641828,https://www.ccdc.cam.ac.uk/structures/Search?Ccdcid=KEDPUG
KEZPEL,0.28,0.260010162,1.5,4.21,5.61,456.79,303.52,0.18,25.6,22.08,3.52,0.98,0.26,1.8,0.33,2.35,0.29,2.45,0.09,5.52,8.21,3.81,0.82,1.37,0.77,45.59,58.33,79.16,0.4,0.6,0.59,0.488100392,0.668775136,0.664087216,0.970293957,0.801629663,0.626183855,https://www.ccdc.cam.ac.uk/structures/Search?Ccdcid=KEZPEL
KOJXUD,0.53,0.147735269,0.91,5.47,7.84,1622.88,1781.41,0.58,16.6,14.2,2.4,0.47,0.21,4.13,1.68,4.62,1.41,7.18,1.8,2.46,3.28,2.2,3.66,4.15,0.38,88.69,89.88,80.93,0.59,0.85,0.42,0.601319024,0.873824348,0.565618967,4.477594958,3.976704101,0.244750533,https://www.ccdc.cam.ac.uk/structures/Search?Ccdcid=KOJXUD
KOJYOY,0.62,0.161343117,0.84,4.67,5.72,2331.07,2767.36,0.74,16.48,14.4,2.08,0.6,0.29,5.33,2.26,6.07,1.86,10.22,2.6,2.36,3.25,2.09,4.73,5.47,0.49,88.75,90.11,81.59,0.62,0.82,0.42,0.609486823,0.851264304,0.554698997,5.990008991,5.108287291,0.315160339,https://www.ccdc.cam.ac.uk/structures/Search?Ccdcid=KOJYOY
KOJZAL,0.58,0.171250312,0.89,4.61,5.82,1665.65,1862.99,0.65,18.63,16.22,2.4,0.92,0.36,6.82,2.19,8.9,1.94,11.17,1.92,3.11,4.58,2.59,5.9,7.98,0.77,86.47,89.63,83.38,0.58,0.87,0.38,0.616658313,0.807028575,0.552838068,5.940376148,5.472489903,0.369487704,https://www.ccdc.cam.ac.uk/structures/Search?Ccdcid=KOJZAL
KOJZEP,0.78,0.092372038,0.51,13.72,15.62,2427.38,4747.27,1.52,12.53,10.83,1.7,0.29,0.16,5.19,2.6,3.18,1.26,13.85,4.7,2,2.53,1.83,4.89,2.88,0.22,94.31,90.72,75.84,0.57,0.63,0.45,0.583260616,0.674857927,0.570435234,6.807997815,2.995027244,0.199821474,https://www.ccdc.cam.ac.uk/structures/Search?Ccdcid=KOJZEP
KOJZIT,0.75,0.097577483,0.51,14.75,16.2,2215.11,4374.18,1.49,14,11.64,2.36,0.4,0.2,5.95,2.69,4.49,1.48,14.88,4.63,2.21,3.04,2.03,5.56,4.09,0.31,93.33,91.15,77.97,0.61,0.65,0.46,0.577822442,0.66792945,0.575720065,7.610601968,4.0868464,0.263359882,https://www.ccdc.cam.ac.uk/structures/Search?Ccdcid=KOJZIT
KOJZUF,0.33,0.214081532,1.11,4.93,5.28,1022.79,917.77,0.3,18.3,15.78,2.52,0.4,0.15,2.41,0.76,2.96,0.67,4.89,0.65,3.19,4.4,2.63,2.01,2.56,0.33,83.38,86.48,83.32,0.57,0.59,0.55,0.603936211,0.651145086,0.641106608,2.179074042,1.546122797,0.273130291,https://www.ccdc.cam.ac.uk/structures/Search?Ccdcid=KOJZUF
KUWCIQ,0.62,0.209503662,0.87,5.01,6.86,2634.52,3018.91,0.71,16.12,13.22,2.91,0.65,0.25,5.78,2.09,6.01,1.5,11.12,2.1,2.77,4.02,2.63,5.12,5.36,0.52,88.68,89.12,79.84,0.54,0.75,0.55,0.556426509,0.717770548,0.641338875,5.33443537,5.189776944,0.442526762,https://www.ccdc.cam.ac.uk/structures/Search?Ccdcid=KUWCIQ
LABCOH,0.57,0.138027815,0.95,4.38,8.73,1449.28,1530.81,0.6,18.02,15.7,2.31,0.63,0.3,4.38,2.01,5.31,1.83,8.01,2.19,2.18,2.9,2.08,3.75,4.68,0.52,85.65,88.16,82.4,0.57,0.6,0.52,0.596247422,0.559228416,0.614133257,4.47420786,3.126454624,0.444638354,https://www.ccdc.cam.ac.uk/structures/Search?Ccdcid=LABCOH
LALXUT,0.57,0.201477142,0.83,6.79,7.29,1908.57,2299.7,0.69,12.23,10.11,2.12,0.23,0.11,4.06,1.71,2.64,0.82,10.47,2.36,2.37,3.24,2.09,3.84,2.41,0.17,94.45,91.45,73.97,0.62,0.77,0.44,0.618718245,0.806372406,0.580546153,5.127889511,3.121725531,0.136182176,https://www.ccdc.cam.ac.uk/structures/Search?Ccdcid=LALXUT
LASYOU,0.75,0.25979916,0.93,4.94,10.06,2108.51,2275.48,0.81,17.33,14,3.33,0.98,0.31,7.17,1.98,8.65,1.57,12.88,1.6,3.61,5.52,3.14,6.19,7.67,0.81,86.3,88.65,82.35,0.84,0.86,0.62,0.800506803,0.742843414,0.725793743,8.438098248,7.813219643,0.755172824,https://www.ccdc.cam.ac.uk/structures/Search?Ccdcid=LASYOU
LECFAC,0.72,0.2195216,0.84,4.43,9.81,2017.33,2405.35,0.86,16.62,14.46,2.16,0.54,0.24,5.78,2.16,5.83,1.48,11.87,2.3,2.68,3.94,2.25,5.24,5.29,0.44,90.68,90.77,80.9,0.77,0.77,0.5,0.77260781,0.761603252,0.629870395,7.476270211,5.654577703,0.328961677,https://www.ccdc.cam.ac.uk/structures/Search?Ccdcid=LECFAC
LEDCUU,0.45,0.238746839,1.07,5.43,8.58,1202.72,1128.13,0.42,20.97,17.72,3.25,0.67,0.26,3.84,1.51,4.84,1.53,6.45,1.73,2.55,3.16,2.61,3.17,4.17,0.57,82.48,86.1,85.02,0.71,0.89,0.47,0.70312066,0.843887835,0.631354093,4.431898523,4.122812809,0.365778556,https://www.ccdc.cam.ac.uk/structures/Search?Ccdcid=LEDCUU
LEDLEN,0.59,0.181660826,0.91,6.61,8.12,1853.49,2027.7,0.64,15.84,13.19,2.65,0.42,0.17,4.19,1.62,4.13,1.14,8.24,1.82,2.58,3.61,2.42,3.76,3.7,0.34,89.89,89.74,80.04,0.55,0.74,0.49,0.57585404,0.778357268,0.61188946,4.177822856,3.741860175,0.256831831,https://www.ccdc.cam.ac.uk/structures/Search?Ccdcid=LEDLEN
LEHXUT,0.86,0.069779363,0.41,9.09,24.96,1859.36,4566.53,2.11,13.72,10.45,3.27,0.32,0.15,5.62,2.83,3.21,0.96,16.88,6.88,1.99,3.35,2.05,5.3,2.89,0.24,94.38,90.17,76.33,0.6,0.81,0.37,0.588601372,0.838258892,0.543758715,8.241887223,4.408980644,0.165386598,https://www.ccdc.cam.ac.uk/structures/Search?Ccdcid=LEHXUT
LELDOX,0.8,0.078988184,0.62,6.7,18.15,2081.04,3348.87,1.29,12.84,11.08,1.77,0.29,0.17,5.4,2.87,3.48,1.38,14.88,5.31,1.88,2.53,1.71,5.11,3.19,0.22,94.62,91.66,75.38,0.56,0.79,0.39,0.570726848,0.814910666,0.545233513,6.481065875,5.145262063,0.165527218,https://www.ccdc.cam.ac.uk/structures/Search?Ccdcid=LELDOX
LELDUD,0.85,0.082285872,0.46,9.25,16.55,1974.59,4310.14,1.86,10.81,9.06,1.75,0.24,0.14,5.5,2.96,2.33,0.95,17.82,6.8,1.86,2.45,1.7,5.26,2.09,0.17,95.66,89.78,71.61,0.59,0.84,0.35,0.589963571,0.86341141,0.530655373,8.072808945,5.14037828,0.129864724,https://www.ccdc.cam.ac.uk/structures/Search?Ccdcid=LELDUD
LEQCAN,0.81,0.137028515,0.67,7.66,13.67,1986.16,2983.21,1.22,17.48,14.79,2.69,0.62,0.27,6.76,2.86,5.46,1.48,14.8,4.07,2.36,3.69,2.28,6.14,4.84,0.5,90.83,88.65,80.08,0.52,0.12,0.28,0.531980894,0.134028088,0.434145487,4.000817579,0.401439001,0.128210203,https://www.ccdc.cam.ac.uk/structures/Search?Ccdcid=LEQCAN
LURRIA,0.89,0.073435037,0.41,9.74,22.37,1859,4572.72,2.2,13.48,10.04,3.44,0.36,0.17,6.21,3.1,3.65,1,18.49,7.43,2.01,3.66,2.17,5.85,3.29,0.28,94.15,90.05,76.18,0.65,0.71,0.45,0.665627984,0.78286011,0.593573765,9.283054368,3.118638356,0.245285705,https://www.ccdc.cam.ac.uk/structures/Search?Ccdcid=LURRIA
MEFJUE,0.72,0.099486217,0.97,4.51,13.66,1813.72,1870.93,0.74,16.71,14.29,2.42,0.47,0.22,4.56,2.01,4.83,1.49,8.91,2.54,2.26,3.24,2.16,4.09,4.36,0.38,89.71,90.28,81.11,0.61,0.67,0.52,0.57692138,0.705494094,0.605219152,4.886625911,4.276477425,0.351095665,https://www.ccdc.cam.ac.uk/structures/Search?Ccdcid=MEFJUE
MIZPUI,0.72,0.160334486,0.75,5.55,11.48,1996.58,2657.61,0.96,17.93,15.27,2.66,0.61,0.26,6.37,2.47,6.22,1.65,13,2.88,2.58,3.77,2.33,5.76,5.61,0.5,90.4,90.16,81.24,0.59,0.69,0.46,0.60978723,0.728961351,0.590574126,6.594887083,5.187328999,0.352892423,https://www.ccdc.cam.ac.uk/structures/Search?Ccdcid=MIZPUI
MORTUJ,0.73,0.1289203,0.65,8.18,9.34,2118.18,3265.25,1.13,12.7,10.28,2.43,0.25,0.13,5.03,2.38,3,0.97,13.2,4.02,2.12,3.09,2,4.78,2.74,0.19,94.94,91.5,75.03,0.58,0.65,0.45,0.602990954,0.69437194,0.582093894,6.125291254,2.670505114,0.171350965,https://www.ccdc.cam.ac.uk/structures/Search?Ccdcid=MORTUJ
MOYYEF,0.57,0.198793679,0.95,7.36,7.67,1755.78,1847.72,0.6,15.88,13.68,2.19,0.46,0.2,4.7,1.61,5.36,1.32,8.72,1.53,2.92,4.05,2.26,4.24,4.9,0.37,90.21,91.41,80.38,0.7,0.84,0.48,0.69839096,0.667712544,0.608006675,5.613039862,4.902792426,0.287919752,https://www.ccdc.cam.ac.uk/structures/Search?Ccdcid=MOYYEF
MOYYIJ,0.68,0.15284339,0.73,9.38,12.42,2062.16,2822.56,0.94,16.24,13.96,2.28,0.41,0.19,5.06,2.2,4.47,1.34,11.4,3.08,2.3,3.33,2.1,4.66,4.06,0.33,91.98,90.91,81.41,0.56,0.66,0.5,0.579685164,0.686836163,0.600880693,5.429860551,3.759380122,0.2800759,https://www.ccdc.cam.ac.uk/structures/Search?Ccdcid=MOYYIJ
MUDTEL,0.83,0.128908994,0.56,6.6,19.11,2068.76,3698.96,1.49,13.9,10.93,2.97,0.39,0.18,6.28,2.78,4.16,1.15,16.25,4.83,2.26,3.62,2.2,5.89,3.78,0.3,93.84,90.71,77.2,0.57,0.66,0.46,0.582902647,0.678135786,0.609130032,7.410712236,3.933118675,0.247678821,https://www.ccdc.cam.ac.uk/structures/Search?Ccdcid=MUDTEL
NAYZOE,0.83,0.101262153,0.5,6.53,15.82,2312.78,4635.59,1.66,10.72,8.99,1.72,0.23,0.13,5.78,3.03,2.25,0.91,17.45,6.07,1.91,2.47,1.76,5.55,2.02,0.17,96,89.73,71.58,0.59,0.74,0.39,0.574356103,0.777871663,0.547146249,8.232859799,3.573426643,0.142149703,https://www.ccdc.cam.ac.uk/structures/Search?Ccdcid=NAYZOE
NIBHOW,0.91,0.049937273,0.28,14.87,27.52,1432.89,5124.89,3.25,8.19,6.8,1.38,0.16,0.1,4.8,2.87,1.15,0.56,19.34,8.96,1.67,2.06,1.58,4.64,1,0.11,96.7,86.27,67.62,0.56,0.55,0.34,0.559873882,0.615167973,0.529108265,9.221156432,1.164307795,0.115048084,https://www.ccdc.cam.ac.uk/structures/Search?Ccdcid=NIBHOW
NIBHUC,0.85,0.068454739,0.45,11.87,18.87,1911.81,4238.47,1.89,10.71,8.82,1.89,0.21,0.12,4.93,2.83,1.93,0.79,16.37,7.05,1.75,2.43,1.7,4.73,1.72,0.15,95.8,89.24,71.79,0.56,0.59,0.39,0.566610473,0.639091443,0.548408178,7.291732804,1.72123672,0.135554895,https://www.ccdc.cam.ac.uk/structures/Search?Ccdcid=NIBHUC
NIBJAK,0.93,0.034035582,0.22,17.55,32.01,1213.03,5429.06,4.18,7.42,6.15,1.27,0.15,0.1,4.55,2.85,1,0.51,18.68,9.36,1.6,1.96,1.5,4.4,0.85,0.1,96.76,85.18,67.37,0.54,0.5,0.31,0.541985924,0.582420818,0.525633224,9.982040142,0.975678346,0.113877505,https://www.ccdc.cam.ac.uk/structures/Search?Ccdcid=NIBJAK
NIGDEO,0.79,0.135825186,0.63,7.42,13.94,1999.33,3155.84,1.25,14.52,12.07,2.45,0.44,0.21,6.23,2.71,5.14,1.51,14.67,4.09,2.3,3.4,2.09,5.79,4.7,0.35,92.91,91.4,78.78,0.6,0.72,0.43,0.631408609,0.620948638,0.58058635,6.853475831,5.510279452,0.246766013,https://www.ccdc.cam.ac.uk/structures/Search?Ccdcid=NIGDEO
NIGDIS,0.81,0.136573217,0.62,7.35,14.03,2085.41,3349.08,1.29,14.72,12.07,2.65,0.47,0.22,6.62,2.8,5.52,1.58,15.46,4.23,2.36,3.48,2.16,6.14,5.05,0.37,92.87,91.45,78.46,0.6,0.65,0.45,0.616426984,0.687466558,0.589717436,7.547107721,4.699285025,0.282814133,https://www.ccdc.cam.ac.uk/structures/Search?Ccdcid=NIGDIS
NIMPEG,0.69,0.105282967,0.74,5.25,5.91,2109.31,2867.83,0.93,16.55,13.97,2.58,0.41,0.2,5.24,2.33,5.63,1.84,11.38,3.08,2.25,3.06,2.08,4.84,5.23,0.34,92.23,92.77,82.57,0.61,0.82,0.46,0.629442655,0.644192824,0.574438035,6.286973423,5.768876344,0.253282668,https://www.ccdc.cam.ac.uk/structures/Search?Ccdcid=NIMPEG
NIMPEG01,0.62,0.090007817,0.63,5.41,8.15,2556.51,4065.72,0.98,14.57,12.5,2.07,0.37,0.2,5.78,2.91,4.71,1.68,14.05,4.78,1.98,2.81,1.87,5.4,4.33,0.3,93.51,92.04,78.76,0.59,0.85,0.42,0.606045507,0.696811796,0.554973168,6.724999065,5.944748283,0.216292863,https://www.ccdc.cam.ac.uk/structures/Search?Ccdcid=NIMPEG01
NIMPOQ,0.76,0.082561852,0.56,7.48,9.48,2461.42,4406.78,1.35,13.27,11.32,1.94,0.32,0.17,5.7,2.99,3.66,1.42,14.92,5.44,1.91,2.58,1.81,5.39,3.35,0.24,94.45,91.35,76.4,0.6,0.77,0.39,0.609949364,0.779966865,0.569269558,7.683677006,5.816032952,0.165867591,https://www.ccdc.cam.ac.uk/structures/Search?Ccdcid=NIMPOQ
NOBWUY,0.81,0.228557101,0.66,7.86,18.88,2107.13,3193.33,1.23,13.63,10.86,2.78,0.4,0.16,7.29,2.52,5.06,1.21,17.61,3.25,2.89,4.2,2.5,6.89,4.66,0.31,94.47,92.03,76.14,0.61,0.87,0.41,0.610135211,0.900043538,0.581077848,8.001185225,7.162109756,0.212831883,https://www.ccdc.cam.ac.uk/structures/Search?Ccdcid=NOBWUY
NUTQAV,0.78,0.192437776,0.72,6.87,10.91,2197.14,3040.02,1.08,14.16,11.58,2.58,0.43,0.19,6.64,2.58,5.14,1.41,15.23,3.18,2.57,3.65,2.31,6.21,4.71,0.33,93.52,91.63,77.18,0.62,0.71,0.5,0.631984791,0.748087603,0.614977138,7.540535891,4.808900318,0.292152018,https://www.ccdc.cam.ac.uk/structures/Search?Ccdcid=NUTQAV
NUTQEZ,0.77,0.20348159,0.8,8.34,11.7,2148.61,2673.24,0.96,14.62,12.31,2.31,0.48,0.21,6.5,2.48,5.7,1.56,13.71,2.86,2.62,3.65,2.28,6.03,5.22,0.37,92.66,91.63,77.77,0.72,0.78,0.53,0.581005333,0.689565292,0.621578038,8.986292408,6.043299321,0.351726266,https://www.ccdc.cam.ac.uk/structures/Search?Ccdcid=NUTQEZ
OFOCUI,0.77,0.208409958,0.79,7.78,11.38,2177.39,2758.74,0.98,14.52,12.17,2.35,0.48,0.21,6.49,2.42,5.91,1.57,13.55,2.6,2.68,3.76,2.32,6.01,5.43,0.37,92.56,91.83,77.32,0.62,0.82,0.46,0.638900773,0.691226924,0.597099709,7.026248483,5.446758302,0.298500852,https://www.ccdc.cam.ac.uk/structures/Search?Ccdcid=OFOCUI
OGEBAF01,0.82,0.119569168,0.5,10.55,14.75,1988.17,3937.3,1.63,13.01,10.26,2.75,0.3,0.14,5.64,2.66,3.06,0.97,16.37,5.52,2.12,3.15,2.06,5.34,2.76,0.23,94.72,90.27,75.96,0.59,0.65,0.44,0.596807334,0.699761026,0.577010508,7.351330715,2.793576655,0.18785599,https://www.ccdc.cam.ac.uk/structures/Search?Ccdcid=OGEBAF01
OKABAE,0.8,0.163042623,0.65,9.53,14.07,2014.86,3095.75,1.23,13.9,11.21,2.69,0.37,0.17,5.98,2.54,4.25,1.22,14.77,3.83,2.35,3.48,2.15,5.61,3.88,0.29,93.8,91.26,77.22,0.59,0.69,0.45,0.601027314,0.727679131,0.582469288,6.770090524,3.797200307,0.223415177,https://www.ccdc.cam.ac.uk/structures/Search?Ccdcid=OKABAE
OKABEI,0.8,0.162724607,0.65,9.42,13.87,2032.66,3112.72,1.22,14.59,11.6,2.99,0.41,0.18,6.11,2.57,4.62,1.27,14.79,3.88,2.38,3.65,2.24,5.7,4.2,0.32,93.23,91.04,78.35,0.5,0.62,0.41,0.509115006,0.653240635,0.520190422,4.872135912,2.771645943,0.158541975,https://www.ccdc.cam.ac.uk/structures/Search?Ccdcid=OKABEI
ONIXOZ,0.69,0.229691218,1.06,9.19,9.94,1787.97,1682.27,0.65,17.47,14.77,2.7,0.77,0.29,6.07,1.93,6.77,1.5,11.82,1.69,3.15,4.53,2.66,5.31,6.01,0.62,87.38,88.69,81.27,0.71,0.8,0.57,0.591192556,0.747859066,0.650420565,6.793072156,6.462454941,0.558254136,https://www.ccdc.cam.ac.uk/structures/Search?Ccdcid=ONIXOZ
OQANIE,0.48,0.207789659,1.08,4.16,7.7,1022.2,942.27,0.44,21.93,19.27,2.66,0.68,0.28,3.39,1.26,4.34,1.11,6.65,1.26,2.69,3.92,2.38,2.72,3.67,0.56,80.05,84.42,82.99,0.52,0.61,0.55,0.510543758,0.597653009,0.616706872,2.982541766,2.710758439,0.466534887,https://www.ccdc.cam.ac.uk/structures/Search?Ccdcid=OQANIE
PALTIH,0.6,0.106748433,0.72,8.72,11.04,1654.89,2287.91,0.83,14.93,11.9,3.03,0.22,0.1,3.49,1.65,2.63,0.79,9.27,3.08,2.12,3.33,2.14,3.27,2.41,0.17,93.7,91.63,79.23,0.59,0.65,0.4,0.598591799,0.677140169,0.566549808,4.444400192,2.61088283,0.111762639,https://www.ccdc.cam.ac.uk/structures/Search?Ccdcid=PALTIH
PARNIH,0.58,0.171385417,0.86,6.78,8.33,1868.39,2169.98,0.67,14.74,12.29,2.45,0.32,0.14,4,1.63,3.49,1.03,8.44,2.05,2.45,3.39,2.26,3.67,3.17,0.25,91.9,90.73,78.2,0.67,0.98,0.39,0.642922701,0.970118083,0.551557746,5.265008348,3.235018989,0.151904937,https://www.ccdc.cam.ac.uk/structures/Search?Ccdcid=PARNIH
PARNON,0.58,0.193448715,0.97,6.24,7.8,1861.43,1912.31,0.59,17.2,14.19,3.01,0.53,0.2,4.32,1.53,4.66,1.2,7.92,1.56,2.82,3.9,2.64,3.79,4.13,0.43,87.78,88.68,81.72,0.56,0.17,0.32,0.574545272,0.175814109,0.473256961,3.227302834,0.512539638,0.141818261,https://www.ccdc.cam.ac.uk/structures/Search?Ccdcid=PARNON
POHPOS,0.64,0.218966273,1.03,4.51,5.84,2362.9,2288.72,0.62,15.95,14.48,1.47,0.51,0.24,4.96,2.16,5.61,2.07,8.73,2.67,2.29,2.72,2.08,4.45,5.1,0.41,89.73,90.93,80.52,0.59,0.72,0.4,0.614724015,0.753668329,0.586439552,5.178617441,3.268666488,0.239067557,https://www.ccdc.cam.ac.uk/structures/Search?Ccdcid=POHPOS
POXNAS,0.39,0.140666665,1.11,6.74,9.02,800.35,723.18,0.35,22.76,20.44,2.32,0.57,0.24,2.38,0.89,2.94,0.7,4.43,0.94,2.67,4.2,2.38,1.81,2.37,0.47,76.1,80.66,82.62,0.57,0.66,0.59,0.524004419,0.605838308,0.60784931,1.605248546,1.101691674,0.437455167,https://www.ccdc.cam.ac.uk/structures/Search?Ccdcid=POXNAS
PUBROU,0.84,0.141097768,0.77,5.37,12.61,2241.04,2893.86,1.09,17.82,15.47,2.36,0.79,0.37,7.14,2.97,7.24,2.18,14.07,3.43,2.4,3.32,2.13,6.35,6.45,0.64,88.88,89.03,80.72,0.49,0.65,0.47,0.529518201,0.697817622,0.584981992,5.853456263,5.938657925,0.478556479,https://www.ccdc.cam.ac.uk/structures/Search?Ccdcid=PUBROU
PURRUQ,0.47,0.197485178,1.13,4.93,6.23,1131.15,1000.48,0.42,20.08,17.45,2.63,0.92,0.35,3.28,1.1,4.41,1.06,6.69,1.2,2.99,4.14,2.59,2.37,3.49,0.76,72.07,79.21,82.72,0.52,0.6,0.58,0.588836055,0.691367899,0.65893418,2.285293484,2.46325764,0.642975879,https://www.ccdc.cam.ac.uk/structures/Search?Ccdcid=PURRUQ
PUYREH,0.41,0.350495108,1.26,5.27,5.88,1073.15,854.65,0.33,21.06,18,3.05,1.19,0.36,3.78,0.89,5.13,0.73,5.67,0.41,4.24,7.01,3.27,2.59,3.95,0.97,68.6,76.91,82.19,0.62,0.62,0.64,0.538339139,0.726003352,0.672133686,2.48509601,2.462310578,0.88546081,https://www.ccdc.cam.ac.uk/structures/Search?Ccdcid=PUYREH
QIYDAF,0.88,0.063751948,0.4,8.75,22.98,1764.74,4377.31,2.18,10.1,8.51,1.59,0.19,0.12,4.58,2.58,1.66,0.73,15.56,6.54,1.78,2.26,1.6,4.39,1.47,0.13,95.89,88.62,71.18,0.55,0.57,0.39,0.56191444,0.623799627,0.543578351,7.134631496,1.657778943,0.131212513,https://www.ccdc.cam.ac.uk/structures/Search?Ccdcid=QIYDAF
QIYDAF01,0.82,0.047953715,0.3,13.57,22,1700.91,5608.91,2.71,8.97,7.33,1.64,0.17,0.11,4.8,2.96,1.36,0.62,18.3,8.98,1.62,2.19,1.58,4.63,1.19,0.12,96.47,87.55,68.81,0.54,0.54,0.35,0.55226585,0.601468021,0.533278623,8.312053918,1.251723875,0.11727849,https://www.ccdc.cam.ac.uk/structures/Search?Ccdcid=QIYDAF01
QIYDIN,0.83,0.031253612,0.2,15.02,29.97,1330.63,6732.49,4.2,6.77,5.66,1.12,0.14,0.1,4.66,3.12,0.86,0.45,19.51,10.7,1.5,1.91,1.42,4.52,0.72,0.09,96.94,83.49,62.82,0.52,0.46,0.31,0.527009873,0.540859713,0.514543353,9.598314918,0.840818139,0.116830773,https://www.ccdc.cam.ac.uk/structures/Search?Ccdcid=QIYDIN
QIYDIN01,0.92,0.06257924,0.4,10.46,21.6,1785.57,4511.97,2.34,10.55,8.48,2.07,0.19,0.11,4.55,2.43,1.88,0.73,15.86,6.57,1.87,2.58,1.82,4.35,1.69,0.14,95.75,89.72,73.53,0.56,0.59,0.39,0.565792618,0.637698385,0.547284036,7.266070818,1.739418804,0.132650198,https://www.ccdc.cam.ac.uk/structures/Search?Ccdcid=QIYDIN01
QIYDOT,0.92,0.03148115,0.21,17.06,19.81,1375.85,6490.57,4.32,7.15,5.92,1.24,0.14,0.09,4.19,2.69,0.93,0.47,18.12,9.69,1.56,1.98,1.5,4.05,0.8,0.09,96.72,85.3,67.13,0.4,0.22,0.21,0.401152096,0.312485609,0.454366153,5.677599433,0.162874595,0.053001307,https://www.ccdc.cam.ac.uk/structures/Search?Ccdcid=QIYDOT
QUBZIX,0.63,0.134582808,0.64,6.81,7.96,2314.72,3632.98,0.99,16.09,13.29,2.8,0.48,0.2,5.59,2.36,5.1,1.36,12.9,3.79,2.37,3.74,2.39,5.12,4.62,0.38,91.49,90.66,79.98,0.65,0.73,0.52,0.572290011,0.65965013,0.618008721,7.08541426,4.834859518,0.344021823,https://www.ccdc.cam.ac.uk/structures/Search?Ccdcid=QUBZIX
RAFGAI,0.77,0.154734342,0.68,9.19,17.94,1871.3,2767.23,1.14,15.46,13.05,2.41,0.39,0.19,5.62,2.5,3.88,1.24,14.63,3.73,2.25,3.13,2.04,5.22,3.49,0.31,93.03,89.9,78.68,0.56,0.58,0.46,0.572998994,0.619770355,0.5676566,6.378810954,2.933251766,0.249400498,https://www.ccdc.cam.ac.uk/structures/Search?Ccdcid=RAFGAI
RAHNOF,0.82,0.130025935,0.59,6.59,19.05,2080.12,3496.87,1.38,14.17,11.24,2.92,0.41,0.18,6.41,2.79,4.54,1.27,15.69,4.46,2.3,3.59,2.26,6,4.13,0.32,93.6,90.96,77.3,0.61,0.53,0.47,0.618411493,0.504863696,0.604552093,7.773036453,3.507253514,0.261819956,https://www.ccdc.cam.ac.uk/structures/Search?Ccdcid=RAHNOF
REWLEM,0.76,0.092007323,0.7,5.92,12.47,2051.74,2930.48,1.08,14.48,12.84,1.64,0.42,0.23,5.17,2.6,4.27,1.7,11.82,4.16,1.99,2.52,1.83,4.75,3.85,0.32,91.97,90.27,77.79,0.63,0.67,0.49,0.635692489,0.703706316,0.585926563,6.641565293,4.243509524,0.294204151,https://www.ccdc.cam.ac.uk/structures/Search?Ccdcid=REWLEM
RICBEM,0.84,0.054323863,0.4,8.61,11.37,2301.68,5765.99,2.09,9.34,8.12,1.22,0.18,0.12,5.22,3.26,1.41,0.76,18.94,8.64,1.6,1.86,1.48,5.04,1.23,0.13,96.5,87,69.09,0.54,0.47,0.36,0.554368665,0.501242009,0.538839,7.703914305,1.508627803,0.122491328,https://www.ccdc.cam.ac.uk/structures/Search?Ccdcid=RICBEM
RUVKAV,0.81,0.152528912,0.6,7.15,11.95,2163.77,3596.2,1.35,14.03,11.13,2.9,0.36,0.16,6.39,2.79,3.68,1.09,16.61,4.65,2.29,3.38,2.19,6.03,3.33,0.28,94.37,90.24,76.67,0.54,0.57,0.42,0.546112065,0.60873415,0.543136383,4.687390516,1.655549031,0.159869339,https://www.ccdc.cam.ac.uk/structures/Search?Ccdcid=RUVKAV
SEMNEF,0.92,0.037702842,0.24,12.94,30.85,1433.43,6042.36,3.89,15.13,9.67,5.46,0.39,0.16,5.57,2.83,3.14,0.81,17.68,8.37,1.97,3.86,2.43,5.19,2.75,0.3,93.07,87.71,78.74,0.53,0.65,0.42,0.516098696,0.615619151,0.578419763,9.648828016,2.638525703,0.264589543,https://www.ccdc.cam.ac.uk/structures/Search?Ccdcid=SEMNEF
SEMNIJ,0.93,0.031234511,0.22,13.58,31.61,1374.27,6186.85,4.17,12.41,8.52,3.89,0.32,0.14,5.46,2.94,2.83,0.8,17.73,8.63,1.86,3.52,2.18,5.14,2.51,0.24,94.22,88.84,75.93,0.6,0.68,0.4,0.605891746,0.746204006,0.567765151,10.85687836,2.421544528,0.222013615,https://www.ccdc.cam.ac.uk/structures/Search?Ccdcid=SEMNIJ
SEQTIT,0.6,0.130224919,0.77,6.93,9.69,1802.68,2334.27,0.77,18.02,14.99,3.02,0.51,0.22,4.68,2.07,4.3,1.31,10.16,3.05,2.27,3.28,2.3,4.17,3.79,0.42,89.03,88.07,81.91,0.51,0.63,0.5,0.5480709,0.740656026,0.609070494,2.436742011,1.665455247,0.316646099,https://www.ccdc.cam.ac.uk/structures/Search?Ccdcid=SEQTIT
SODPIM,0.59,0.210645735,0.9,4.07,5.69,1723.39,1913.75,0.65,16.75,14.34,2.41,0.57,0.22,5.68,1.94,6.62,1.61,11.39,2.08,2.93,4.11,2.58,5.11,6.04,0.47,89.95,91.37,82,0.77,0.85,0.58,0.752970822,0.849889069,0.669012291,7.149802589,6.493872796,0.423391598,https://www.ccdc.cam.ac.uk/structures/Search?Ccdcid=SODPIM
SOVLEW,0.78,0.15800886,0.74,6.69,16.81,1883.59,2538.88,1.06,15.54,12.79,2.75,0.48,0.21,5.91,2.42,5.39,1.48,13.33,3.23,2.44,3.64,2.29,5.43,4.9,0.39,91.81,91.01,79.89,0.62,0.68,0.51,0.619504479,0.71336226,0.62128433,6.737072915,4.629746837,0.326834848,https://www.ccdc.cam.ac.uk/structures/Search?Ccdcid=SOVLEW
SUKYIH,0.76,0.122993943,0.6,7.09,9.65,2333.55,3892.23,1.28,13.41,11.53,1.88,0.33,0.18,5.85,2.92,3.11,1.21,15.36,4.65,2.01,2.57,1.8,5.52,2.78,0.25,94.33,89.32,75.37,0.58,0.64,0.45,0.594356338,0.677244405,0.566857299,7.182729296,3.09854025,0.21705239,https://www.ccdc.cam.ac.uk/structures/Search?Ccdcid=SUKYIH
SUKYON,0.8,0.072428199,0.53,7.28,10.77,2685.28,5100.05,1.52,11.76,10.37,1.39,0.3,0.18,6.35,3.6,3.15,1.49,17.04,6.45,1.76,2.12,1.64,6.05,2.85,0.22,95.25,90.43,73.9,0.56,0.6,0.44,0.576299732,0.637160254,0.55694882,8.166812743,3.187800331,0.209824294,https://www.ccdc.cam.ac.uk/structures/Search?Ccdcid=SUKYON
SUNLAP,0.89,0.039298616,0.29,14.88,16.05,1613.48,5575.84,3.07,9.35,7.78,1.57,0.18,0.12,4.77,2.88,1.55,0.74,17.58,8.38,1.65,2.1,1.57,4.59,1.37,0.13,96.13,88.13,70.99,0.54,0.54,0.35,0.549083743,0.599092643,0.531848701,8.578798993,1.359684765,0.130476138,https://www.ccdc.cam.ac.uk/structures/Search?Ccdcid=SUNLAP
SUPMEW,0.41,0.190322517,1.08,4.56,7.16,998.04,926,0.38,20.3,17.8,2.49,0.84,0.3,3.54,1.01,4.64,0.91,5.94,0.79,3.5,5.1,2.81,2.7,3.8,0.71,76.36,81.98,85.09,0.31,0.71,0.42,0.329478578,0.910046045,0.526382405,1.530355632,2.023223338,0.35255871,https://www.ccdc.cam.ac.uk/structures/Search?Ccdcid=SUPMEW
SUPQAW,0.84,0.088804609,0.53,6.8,12.04,2450.7,4592.69,1.57,11.29,9.52,1.77,0.25,0.15,5.72,3.2,2.66,1.08,16.68,6.25,1.79,2.47,1.67,5.46,2.41,0.19,95.55,90.45,72.78,0.57,0.62,0.41,0.577250399,0.661603237,0.551157536,7.61841585,2.57727573,0.164015004,https://www.ccdc.cam.ac.uk/structures/Search?Ccdcid=SUPQAW
TIJPEJ,0.43,0.274238094,1.06,4.14,6.3,1144.07,1074.67,0.41,19.94,15.78,4.16,0.46,0.13,3.83,1.07,4.89,0.81,8.88,1.14,3.58,6.05,3.6,3.37,4.42,0.4,87.88,90.49,85.25,0.81,0.84,0.41,0.803061625,0.712893503,0.622978573,4.508705038,4.37408736,0.174805928,https://www.ccdc.cam.ac.uk/structures/Search?Ccdcid=TIJPEJ
TOFTIT,0.84,0.113716869,0.58,6.95,20.18,2100.38,3633.1,1.45,13.99,11.15,2.84,0.38,0.18,6.22,2.88,4.17,1.24,15.63,5.03,2.16,3.36,2.07,5.84,3.79,0.29,93.87,90.86,77.27,0.6,0.71,0.41,0.599505973,0.750496865,0.559353065,7.637980453,4.321587704,0.202556247,https://www.ccdc.cam.ac.uk/structures/Search?Ccdcid=TOFTIT
TOPKAL,0.72,0.188500338,0.81,6.07,9.54,2288.65,2829.73,0.88,14.88,12.42,2.46,0.5,0.22,6.22,2.37,6.17,1.63,12.84,2.64,2.62,3.78,2.32,5.72,5.67,0.4,91.92,91.86,78.91,0.63,0.78,0.49,0.640505029,0.81278177,0.613094753,6.942224562,5.796210858,0.328477589,https://www.ccdc.cam.ac.uk/structures/Search?Ccdcid=TOPKAL
TOPKEP,0.66,0.200899258,0.86,5.81,9.41,1987.67,2305.93,0.76,17.41,14.44,2.97,0.54,0.21,5.52,2,5.56,1.33,10.91,2.23,2.76,4.18,2.53,4.98,5.02,0.44,90.2,90.29,82.28,0.59,0.62,0.48,0.644767453,0.648681143,0.610531755,4.7907853,4.001257746,0.31043272,https://www.ccdc.cam.ac.uk/structures/Search?Ccdcid=TOPKEP
TOPKIT,0.67,0.193311016,0.96,5.09,8.34,2107.15,2200.35,0.7,17.6,15.11,2.48,0.88,0.34,6.24,2,7.7,1.66,11.03,1.72,3.13,4.64,2.57,5.36,6.82,0.73,85.86,88.54,82.7,0.76,0.85,0.5,0.714416522,0.566889095,0.624236435,7.271765114,6.156138181,0.541508625,https://www.ccdc.cam.ac.uk/structures/Search?Ccdcid=TOPKIT
UCOCUM,0.75,0.278211277,0.88,6.57,13.18,1893.53,2145.13,0.85,18.78,15.54,3.24,0.78,0.25,6.97,1.98,7,1.3,13.97,1.81,3.53,5.4,3.07,6.19,6.23,0.64,88.86,88.92,82,0.58,0.82,0.37,0.613721016,0.699075995,0.573471121,4.632934759,6.318591552,0.272963825,https://www.ccdc.cam.ac.uk/structures/Search?Ccdcid=UCOCUM
UGOCAW,0.82,0.233502051,0.67,7.62,17.46,2065.49,3092.22,1.22,13.48,10.6,2.88,0.4,0.15,7.36,2.45,5.05,1.13,17.58,3.12,3,4.45,2.62,6.96,4.65,0.3,94.56,92.07,76.18,0.67,0.89,0.37,0.654839022,0.913752576,0.565270906,8.811516676,7.598104059,0.177343591,https://www.ccdc.cam.ac.uk/structures/Search?Ccdcid=UGOCAW
UGOCEA,0.82,0.228557101,0.65,7.86,18.88,2076.13,3192.75,1.26,13.81,10.89,2.92,0.43,0.17,7.59,2.55,5.51,1.22,18.01,3.24,2.98,4.5,2.57,7.17,5.08,0.33,94.38,92.26,76.25,0.67,0.89,0.37,0.651928342,0.905325939,0.563653121,9.001045524,7.786791853,0.192860498,https://www.ccdc.cam.ac.uk/structures/Search?Ccdcid=UGOCEA
UKUQAT,0.56,0.306645079,1.1,5.24,6.88,1377.76,1254.13,0.51,19.95,17.25,2.69,0.97,0.31,4.95,1.17,6.42,1,8.18,0.64,4.24,6.44,3.08,3.98,5.45,0.81,80.44,84.92,83.61,0.61,0.72,0.4,0.604283318,0.574729551,0.563158932,3.581164263,3.091362589,0.382403401,https://www.ccdc.cam.ac.uk/structures/Search?Ccdcid=UKUQAT
UKUQEX,0.52,0.318172137,1.14,4.99,6.83,1279.1,1122.15,0.45,20.52,17.75,2.77,0.99,0.31,4.74,1.07,6.31,0.9,8.15,0.53,4.42,7,3.23,3.75,5.32,0.83,79.1,84.29,84.08,0.52,0.83,0.4,0.558106533,0.887740185,0.564105615,3.388415857,3.358590684,0.382289806,https://www.ccdc.cam.ac.uk/structures/Search?Ccdcid=UKUQEX
UVEVUN,0.75,0.168305414,0.77,6.54,13.08,1970.18,2572.05,0.97,15.08,12.68,2.4,0.46,0.21,5.73,2.4,5.42,1.55,12.63,3.05,2.38,3.49,2.18,5.27,4.96,0.37,91.92,91.46,79.09,0.65,0.77,0.45,0.667794638,0.695332048,0.586381065,6.911016337,5.585772709,0.269524609,https://www.ccdc.cam.ac.uk/structures/Search?Ccdcid=UVEVUN
VETMIS,0.88,0.038195868,0.31,11.95,17.26,1791.05,5741.29,2.82,8.64,7.43,1.21,0.17,0.12,4.77,3.06,1.19,0.65,18.71,9.51,1.56,1.84,1.44,4.6,1.03,0.12,96.48,85.94,68.71,0.5,0.6,0.32,0.512911025,0.660156538,0.515572477,7.329714007,1.616213069,0.105751839,https://www.ccdc.cam.ac.uk/structures/Search?Ccdcid=VETMIS
VIGHUQ,0.69,0.087782045,0.59,14.54,15.52,1816.27,3094.3,1.18,13.35,11.34,2.01,0.26,0.14,4.14,2.11,3.19,1.16,10.28,3.72,1.96,2.74,1.81,3.89,2.93,0.2,93.77,91.9,76.39,0.41,0.06,0.24,0.430864172,0.071085026,0.371208942,2.256793047,0.108422687,0.048548286,https://www.ccdc.cam.ac.uk/structures/Search?Ccdcid=VIGHUQ
VIXPUP,0.8,0.164561453,0.7,6.91,10.93,2233.17,3197.75,1.14,14.92,12.04,2.89,0.41,0.19,6.3,2.61,4.4,1.26,14.82,3.69,2.41,3.5,2.19,5.88,3.99,0.32,93.45,90.62,77.87,0.6,0.69,0.44,0.615561821,0.722426619,0.579596481,7.029878295,4.326394178,0.232444034,https://www.ccdc.cam.ac.uk/structures/Search?Ccdcid=VIXPUP
VIXPUP01,0.8,0.162755787,0.69,6.9,10.95,2211.4,3201.71,1.15,14.44,11.75,2.69,0.4,0.18,6.27,2.69,4.28,1.28,15.01,3.86,2.33,3.34,2.15,5.87,3.88,0.31,93.7,90.76,77.91,0.69,0.64,0.45,0.707986816,0.674538691,0.593749106,7.916232466,3.900056532,0.230600221,https://www.ccdc.cam.ac.uk/structures/Search?Ccdcid=VIXPUP01
VOGPEO,0.76,0.162561551,0.77,7.01,11.06,1979.64,2580.6,0.99,16.27,13.61,2.65,0.54,0.24,6.21,2.45,5.81,1.6,13.41,3.09,2.54,3.63,2.3,5.67,5.27,0.43,91.25,90.64,79.68,0.59,0.68,0.47,0.606103406,0.725502377,0.593722783,6.555424829,4.918401252,0.326189957,https://www.ccdc.cam.ac.uk/structures/Search?Ccdcid=VOGPEO
VORHER,0.62,0.194771618,0.99,6.71,12.85,1178.76,1193.53,0.62,16.72,14.22,2.5,0.48,0.21,4.31,1.54,4.71,1.19,8.51,1.56,2.8,3.96,2.28,3.83,4.24,0.39,88.87,89.83,81.46,0.67,0.78,0.5,0.688543597,0.659721855,0.617845705,4.876010277,4.320484067,0.306324821,https://www.ccdc.cam.ac.uk/structures/Search?Ccdcid=VORHER
VUJBIM,0.83,0.129245447,0.56,6.63,18.72,2093.47,3733.4,1.48,14.36,11.17,3.19,0.4,0.18,6.32,2.77,4.15,1.15,16.31,4.85,2.29,3.59,2.22,5.93,3.75,0.31,93.74,90.45,77.22,0.73,0.7,0.42,0.729468282,0.683716088,0.576752331,8.984751344,4.204818173,0.21867244,https://www.ccdc.cam.ac.uk/structures/Search?Ccdcid=VUJBIM
WAMREJ,0.81,0.103460404,0.58,10.49,15.94,2058.69,3579.12,1.41,12.42,10.89,1.53,0.31,0.18,5.53,2.86,3.06,1.29,15.32,5.11,1.93,2.37,1.74,5.21,2.75,0.23,94.33,89.76,74.74,0.57,0.63,0.42,0.574257387,0.669738247,0.553942671,6.891076618,2.969303182,0.191980453,https://www.ccdc.cam.ac.uk/structures/Search?Ccdcid=WAMREJ
WULJUJ,0.75,0.277621995,0.88,6.7,13.26,1859.02,2110.51,0.85,18.44,15.35,3.08,0.67,0.23,6.64,1.95,6.61,1.26,13.96,1.77,3.4,5.26,2.85,5.97,5.94,0.54,89.93,89.89,81.19,0.8,0.8,0.43,0.794989467,0.724255886,0.615144041,8.195998451,6.184125145,0.288467915,https://www.ccdc.cam.ac.uk/structures/Search?Ccdcid=WULJUJ
WULKAQ,0.74,0.277211118,0.88,6.68,13.25,1867.94,2123.77,0.85,18.48,15.38,3.1,0.67,0.23,6.66,1.96,6.5,1.27,13.85,1.84,3.39,5.12,2.95,5.99,5.84,0.54,90,89.77,81.35,0.66,0.77,0.46,0.677625914,0.780319353,0.609972282,6.989233273,5.592854541,0.343870606,https://www.ccdc.cam.ac.uk/structures/Search?Ccdcid=WULKAQ
XAFFOB,0.86,0.059211572,0.37,13.17,14.84,1909.57,5203.32,2.35,9.29,7.83,1.46,0.18,0.11,5.06,3,1.44,0.67,18.39,8.34,1.69,2.15,1.59,4.88,1.26,0.13,96.42,87.41,69.14,0.56,0.57,0.37,0.569774325,0.627894039,0.53869072,8.18081272,1.367450728,0.125147851,https://www.ccdc.cam.ac.uk/structures/Search?Ccdcid=XAFFOB
XAFFUH,0.88,0.053108728,0.33,19.64,23.73,1710.29,5195.83,2.68,9.64,7.94,1.7,0.2,0.12,5.21,2.97,1.75,0.77,17.66,7.79,1.75,2.27,1.63,5,1.55,0.14,96.09,88.38,69.79,0.63,0.57,0.37,0.64464925,0.604490004,0.543830097,9.195720883,1.759408478,0.140097882,https://www.ccdc.cam.ac.uk/structures/Search?Ccdcid=XAFFUH
XAHPAZ,0.71,0.144540634,0.72,7.41,8.57,2212.21,3080.51,0.99,13.79,11.51,2.28,0.34,0.16,5.35,2.33,4.17,1.3,12.27,3.3,2.29,3.21,2.06,5.01,3.84,0.26,93.68,91.9,76.55,0.61,0.71,0.49,0.62570865,0.707589456,0.599862493,6.43819405,3.958651608,0.238608018,https://www.ccdc.cam.ac.uk/structures/Search?Ccdcid=XAHPAZ
XAHPED,0.85,0.063819453,0.37,10.87,12.37,1919.39,5126.04,2.26,9.8,8.08,1.72,0.19,0.11,5,2.86,1.66,0.72,17.98,7.74,1.75,2.31,1.67,4.8,1.47,0.14,96.16,88.43,71.11,0.56,0.58,0.38,0.566917521,0.638103302,0.544531806,7.87449061,1.519973873,0.129712605,https://www.ccdc.cam.ac.uk/structures/Search?Ccdcid=XAHPED
XAHPIH,0.88,0.065840178,0.36,13.36,14.29,1656.44,4650.51,2.47,9.79,7.86,1.93,0.2,0.11,5.14,2.83,1.72,0.7,18.51,7.92,1.82,2.44,1.71,4.95,1.52,0.14,96.2,88.63,70.81,0.64,0.59,0.38,0.653944459,0.636084047,0.547051162,8.801652436,1.649515492,0.132602404,https://www.ccdc.cam.ac.uk/structures/Search?Ccdcid=XAHPIH
XAHPON,0.9,0.04060227,0.28,15.33,17.29,1497.93,5269.5,3.16,9.39,7.75,1.65,0.19,0.12,4.88,2.92,1.6,0.74,17.96,8.59,1.67,2.16,1.63,4.69,1.41,0.14,96.06,87.99,70.85,0.56,0.52,0.35,0.565707622,0.569228494,0.540369091,8.843960337,1.452793194,0.130925123,https://www.ccdc.cam.ac.uk/structures/Search?Ccdcid=XAHPON
XAHPUT,0.93,0.02183551,0.18,20.59,21.83,1128.65,6316.71,5.2,6.95,5.88,1.07,0.15,0.1,4.41,2.84,0.97,0.53,17.74,9.44,1.56,1.82,1.47,4.27,0.82,0.1,96.63,84.65,67.49,0.52,0.48,0.3,0.52860877,0.565725615,0.517135632,10.77418626,0.978011004,0.123467249,https://www.ccdc.cam.ac.uk/structures/Search?Ccdcid=XAHPUT
XAHQAA,0.94,0.021836295,0.17,21.61,23.04,1058.27,6209.46,5.51,6.88,5.76,1.13,0.15,0.11,4.51,2.94,1,0.53,18.59,9.76,1.54,1.88,1.41,4.36,0.85,0.1,96.72,85.21,67.02,0.52,0.47,0.3,0.531112421,0.549724514,0.516557844,11.39300599,1.018270395,0.127996633,https://www.ccdc.cam.ac.uk/structures/Search?Ccdcid=XAHQAA
XALXUF,0.77,0.187190541,0.79,6.62,16.34,1726.96,2190.13,0.97,15.99,13.19,2.8,0.5,0.21,5.77,2.19,5.55,1.42,12.63,2.81,2.64,3.91,2.34,5.27,5.05,0.4,91.38,91.04,80.49,0.28,0.02,0.15,0.30616598,0.020387022,0.231440652,1.389068236,0.051797293,0.030887792,https://www.ccdc.cam.ac.uk/structures/Search?Ccdcid=XALXUF
XALXUF01,0.76,0.185962433,0.78,6.67,16.56,1726.04,2203.42,0.97,16.1,13.26,2.84,0.51,0.21,5.92,2.26,5.72,1.44,13.17,2.88,2.62,3.97,2.38,5.42,5.21,0.41,91.46,91.16,80.55,0.51,0.75,0.52,0.572005648,0.627320515,0.632051724,4.803899145,5.924137528,0.331338866,https://www.ccdc.cam.ac.uk/structures/Search?Ccdcid=XALXUF01
XOFXOH,0.34,0.361922196,1.03,4.4,5.71,1337.18,1292.64,0.33,16.81,13.84,2.97,0.37,0.12,3.51,0.93,4.02,0.68,6.96,0.76,3.78,5.91,3.01,3.14,3.65,0.3,89.43,90.78,80.95,0.64,0.79,0.58,0.657272327,0.825284694,0.677116689,3.447009161,3.167095178,0.264553,https://www.ccdc.cam.ac.uk/structures/Search?Ccdcid=XOFXOH
XOGQOB,0.89,0.104342186,0.58,9.78,20.33,1859.47,3218.22,1.54,12.03,10.25,1.79,0.27,0.16,5.56,2.79,2.94,1.14,15.77,5.05,1.99,2.59,1.71,5.29,2.67,0.2,95.15,90.85,74.24,0.57,0.62,0.43,0.582796754,0.658689982,0.563835924,6.991066508,2.650880726,0.179515979,https://www.ccdc.cam.ac.uk/structures/Search?Ccdcid=XOGQOB
XOPLOE,0.56,0.19699445,0.99,5.33,7.5,1851.59,1867.95,0.57,17.68,14.53,3.16,0.55,0.2,4.32,1.55,4.87,1.19,7.8,1.54,2.79,4.1,2.72,3.77,4.32,0.45,87.28,88.72,81.7,0.75,0.85,0.58,0.656667115,0.623562817,0.650294058,5.702569711,5.005125223,0.393769882,https://www.ccdc.cam.ac.uk/structures/Search?Ccdcid=XOPLOE
XOVPUU,0.86,0.062945353,0.4,9.78,11.46,2023.57,4996.98,2.13,9.2,7.89,1.31,0.17,0.11,5.01,3.05,1.35,0.68,18.81,8.45,1.64,1.98,1.53,4.84,1.18,0.12,96.53,87.17,69.85,0.6,0.28,0.35,0.613459955,0.293029076,0.553641131,8.045489653,1.520557404,0.109653584,https://www.ccdc.cam.ac.uk/structures/Search?Ccdcid=XOVPUU
XOVQAB,0.78,0.066750009,0.51,8.45,11.57,2164.05,4248.88,1.54,10.71,9.2,1.51,0.19,0.12,4.71,2.74,1.78,0.81,15.36,6.32,1.72,2.2,1.65,4.52,1.59,0.14,95.95,89.3,72.24,0.56,0.59,0.4,0.568464552,0.637730744,0.547589535,6.667635827,1.711672977,0.12796285,https://www.ccdc.cam.ac.uk/structures/Search?Ccdcid=XOVQAB
XUDNUH,0.82,0.087986186,0.49,6.85,12.36,2287.92,4644.07,1.66,11.14,9.5,1.65,0.24,0.14,5.45,2.99,2.28,1,16.86,6.28,1.82,2.28,1.7,5.21,2.04,0.17,95.65,89.6,73.15,0.62,0.6,0.41,0.62297483,0.630283096,0.552982934,8.09569282,2.351696298,0.162184092,https://www.ccdc.cam.ac.uk/structures/Search?Ccdcid=XUDNUH
XUDPOD,0.82,0.086561212,0.48,6.92,12.8,2235.22,4611.78,1.69,11.03,9.38,1.65,0.24,0.14,5.47,2.97,2.27,0.97,16.79,6.45,1.84,2.34,1.71,5.23,2.04,0.17,95.68,89.61,72.96,0.55,0.57,0.41,0.564527513,0.610182658,0.546154585,7.029317525,2.123077558,0.159364648,https://www.ccdc.cam.ac.uk/structures/Search?Ccdcid=XUDPOD
YEKXUJ,0.6,0.187171474,0.94,6.86,7.55,1829.02,1954.2,0.64,15.11,12.73,2.38,0.41,0.18,4.55,1.67,4.94,1.31,8.22,1.68,2.72,3.76,2.28,4.14,4.53,0.32,91.08,91.79,79.05,0.61,0.73,0.54,0.627692226,0.767549109,0.632088449,4.905863825,4.107299409,0.305459694,https://www.ccdc.cam.ac.uk/structures/Search?Ccdcid=YEKXUJ
YIXBIQ,0.88,0.125529355,1.17,8.61,16.15,1698.28,1453.99,0.76,12.89,10.62,2.27,0.19,0.1,3.54,1.63,2.64,0.84,8.04,2.35,2.17,3.12,1.97,3.35,2.45,0.14,94.64,92.8,75.78,0.6,0.6,0.49,0.595996272,0.637602281,0.60607683,4.795139943,2.614799236,0.175921444,https://www.ccdc.cam.ac.uk/structures/Search?Ccdcid=YIXBIQ
YUCFAF,0.56,0.102074677,0.82,6.01,8.27,1539.91,1872.47,0.68,15.46,13.68,1.79,0.36,0.2,3.89,1.93,3.92,1.46,8.44,2.47,2.02,2.68,1.79,3.54,3.56,0.28,90.83,90.89,79.45,0.45,0.13,0.32,0.475577392,0.13867681,0.422297746,2.16536885,0.345712954,0.100481303,https://www.ccdc.cam.ac.uk/structures/Search?Ccdcid=YUCFAF
YUGLES,0.79,0.191177614,0.72,6.78,10.91,2195.6,3057.92,1.09,14.48,11.74,2.73,0.44,0.19,6.73,2.59,5.15,1.4,15.26,3.24,2.6,3.67,2.31,6.29,4.71,0.34,93.44,91.41,77.42,0.63,0.76,0.45,0.625314116,0.794318887,0.591361654,7.722385197,5.40794527,0.259446682,https://www.ccdc.cam.ac.uk/structures/Search?Ccdcid=YUGLES
ZAWQAR,0.21,0.147104551,1.28,3.88,4.56,381.42,297.35,0.16,23.64,21.49,2.14,0.54,0.24,1.34,0.51,1.86,0.44,2.26,0.3,2.64,4.19,2.22,0.8,1.32,0.46,59.76,70.99,85.8,0.54,0.53,0.62,0.529410708,0.593951432,0.631840595,1.21925522,0.779033465,0.468121324,https://www.ccdc.cam.ac.uk/structures/Search?Ccdcid=ZAWQAR
ZIKJIO,0.69,0.173825463,0.78,5.59,7.1,2175.19,2778.14,0.89,15.21,13.01,2.2,0.54,0.24,6.66,2.5,7.31,1.93,13.12,2.61,2.67,3.79,2.25,6.12,6.77,0.43,91.94,92.66,80.02,0.44,0.44,0.38,0.481090085,0.483262955,0.529578335,3.251856994,2.934267508,0.224643072,https://www.ccdc.cam.ac.uk/structures/Search?Ccdcid=ZIKJIO
ZIKJOU,0.52,0.215306074,0.97,3.96,5.82,1205.32,1242.84,0.54,19.27,16.67,2.6,0.76,0.29,5.48,1.73,7.13,1.46,10.25,1.4,3.17,4.88,2.58,4.72,6.37,0.65,86.12,89.33,84.81,0.63,0.8,0.53,0.625840859,0.842039747,0.632509526,5.288169922,5.265299793,0.505376351,https://www.ccdc.cam.ac.uk/structures/Search?Ccdcid=ZIKJOU
ZOFDUV,0.75,0.278001986,0.88,6.63,13.16,1884.74,2136.78,0.86,18.55,15.36,3.18,0.74,0.25,6.88,2,6.92,1.33,13.9,1.85,3.44,5.22,2.95,6.14,6.18,0.61,89.25,89.31,81.94,0.82,0.84,0.54,0.815379697,0.861954416,0.691417403,8.384103874,6.803338271,0.445409534,https://www.ccdc.cam.ac.uk/structures/Search?Ccdcid=ZOFDUV
,,,,,,,,,,,,,,,,,,,,,,,,,,,,,,,,,,,,,,https://www.ccdc.cam.ac.uk/structures/Search?Ccdcid=nan
,,,,,,,,,,,,,,,,,,,,,,,,,,,,,,,,,,,,,,https://www.ccdc.cam.ac.uk/structures/Search?Ccdcid=nan
,,,,,,,,,,,,,,,,,,,,,,,,,,,,,,,,,,,,,,https://www.ccdc.cam.ac.uk/structures/Search?Ccdcid=nan
,,,,,,,,,,,,,,,,,,,,,,,,,,,,,,,,,,,,,,https://www.ccdc.cam.ac.uk/structures/Search?Ccdcid=nan
,,,,,,,,,,,,,,,,,,,,,,,,,,,,,,,,,,,,,,https://www.ccdc.cam.ac.uk/structures/Search?Ccdcid=nan